"age","board_feet"
20,0
30,87.6179263740778
40,3794.31635020301
50,9223.87148924172
60,16188.0885203741
70,22248.2507296093
80,28058.9310774393
90,32354.9903907813
100,37396.8656325154
110,40921.9214980863
120,44282.432738822
130,47029.4129705615
140,49748.9808308147
150,51746.6719542444
160,54026.153230574
