"","age","board_feet"
"1",20,0
"2",30,6041.43363554962
"3",40,17490.3381705564
"4",50,31906.1776595935
"5",60,44130.0855944864
"6",70,56994.0032093599
"7",80,67351.3973330706
"8",90,75899.3892626837
"9",100,83160.1014144346
"10",110,88956.6149753798
"11",120,94335.4084728751
"12",130,98898.930373136
"13",140,103731.908329856
"14",150,107656.288610585
"15",160,111234.603360798
