"age","board_feet"
20,0
30,6041.43363554962
40,17490.3381705564
50,31906.1776595935
60,44130.0855944864
70,56994.0032093599
80,67351.3973330706
90,75899.3892626837
100,83160.1014144346
110,88956.6149753798
120,94335.4084728751
130,98898.930373136
140,103731.908329856
150,107656.288610585
160,111234.603360798
