"age","board_feet"
20,4895.58254480362
30,24817.8275358677
40,47944.4597020745
50,70269.6675445139
60,91332.694824934
70,109334.634043723
80,124147.313640863
90,137991.213630885
100,148181.065784246
110,157453.063683957
120,165281.339057684
130,171065.709439665
140,177774.184877574
150,184009.806423783
160,187793.47007364
