"","age","board_feet"
"1",20,4895.58254480362
"2",30,24817.8275358677
"3",40,47944.4597020745
"4",50,70269.6675445139
"5",60,91332.694824934
"6",70,109334.634043723
"7",80,124147.313640863
"8",90,137991.213630885
"9",100,148181.065784246
"10",110,157453.063683957
"11",120,165281.339057684
"12",130,171065.709439665
"13",140,177774.184877574
"14",150,184009.806423783
"15",160,187793.47007364
