"age","board_feet"
20,3367.13821411133
30,17865.7291565742
40,38955.3709274717
50,60455.3349277936
60,79377.7538507059
70,95956.1344593856
80,111607.970574591
90,122878.670330159
100,132999.802662982
110,141158.530932404
120,148614.953673938
130,155339.892546078
140,161336.523155859
150,166817.529949779
160,171217.387166889
