"","age","board_feet"
"1",20,0
"2",30,87.6179263740778
"3",40,3794.31635020301
"4",50,9223.87148924172
"5",60,16188.0885203741
"6",70,22248.2507296093
"7",80,28058.9310774393
"8",90,32354.9903907813
"9",100,37396.8656325154
"10",110,40921.9214980863
"11",120,44282.432738822
"12",130,47029.4129705615
"13",140,49748.9808308147
"14",150,51746.6719542444
"15",160,54026.153230574
