"","age","board_feet"
"1",20,3367.13821411133
"2",30,17865.7291565742
"3",40,38955.3709274717
"4",50,60455.3349277936
"5",60,79377.7538507059
"6",70,95956.1344593856
"7",80,111607.970574591
"8",90,122878.670330159
"9",100,132999.802662982
"10",110,141158.530932404
"11",120,148614.953673938
"12",130,155339.892546078
"13",140,161336.523155859
"14",150,166817.529949779
"15",160,171217.387166889
